DateTime,Platinum,Gold,Silver,Palladium,Rhodium,Iridium,Ruthenium
2018-01-02 00:00:00,943,1317,18.12,1088,1714,976,199
2018-01-03 00:00:00,960,1320,16.25,1092,1716,977,199
2018-01-04 00:00:00,959,1315,19.2,1107,1716,973,200
2018-01-05 00:00:00,965,1323,19.2,1103,1715,976,200
2018-01-08 00:00:00,974,1322,14.18,1102,1714,977,202
2018-01-09 00:00:00,971,1320,17.14,1110,1715,976,200
2018-01-10 00:00:00,967,1328,18.2,1101,1699,975,207
2018-01-11 00:00:00,985,1320,14.02,1081,1701,976,207
2018-01-12 00:00:00,998,1333,14.19,1104,1679,975,208
2018-01-15 00:00:00,1002,1342,18.4,1145,1682,973,211
2018-01-16 00:00:00,999,1337,19.06,1110,1695,972,209
2018-01-17 00:00:00,1006,1340,17.22,1112,1692,974,212
2018-01-18 00:00:00,1009,1333,18.1,1112,1694,977,209
2018-01-19 00:00:00,1020,1335,18.05,1113,1694,973,212
2018-01-22 00:00:00,1022,1336,15.02,1107,1697,977,207
2018-01-23 00:00:00,1002,1339,16.8,1099,1693,972,207
2018-01-24 00:00:00,1024,1354,18.32,1112,1695,974,207
2018-01-25 00:00:00,1028,1361,15.56,1108,1693,977,210
2018-01-26 00:00:00,1017,1353,18.38,1096,1707,977,207
2018-01-29 00:00:00,1016,1354,19.43,1097,1751,972,210
2018-01-30 00:00:00,1006,1345,15.26,1088,1791,976,216
2018-01-31 00:00:00,1007,1344,15.27,1049,1824,977,212
2018-02-01 00:00:00,1003,1343,19.3,1033,1849,975,213
2018-02-02 00:00:00,1009,1354,18.25,1055,1852,976,213
2018-02-05 00:00:00,1000,1343,18.9,1039,1876,976,217
2018-02-06 00:00:00,994,1342,18.72,1020,1877,977,213
2018-02-07 00:00:00,988,1329,15.55,1003,1841,977,216
2018-02-08 00:00:00,982,1314,18.31,994,1812,972,212
2018-02-09 00:00:00,979,1322,14.44,974,1813,974,216
2018-02-12 00:00:00,969,1324,15.44,987,1813,977,217
2018-02-13 00:00:00,980,1329,17.62,993,1817,974,214
2018-02-14 00:00:00,996,1342,16.77,1003,1813,975,215
2018-02-15 00:00:00,1009,1359,13.97,1026,1849,975,216
2018-02-16 00:00:00,1007,1355,17.77,1043,1866,975,216
2018-02-19 00:00:00,1020,1354,14.75,1057,1876,976,216
2018-02-20 00:00:00,1016,1349,14.7,1047,1874,976,213
2018-02-21 00:00:00,1003,1336,18.6,1035,1849,979,220
2018-02-22 00:00:00,999,1329,16.6,1041,1850,981,221
2018-02-23 00:00:00,1001,1327,17.58,1046,1850,979,219
2018-02-26 00:00:00,1012,1341,17.75,1067,1864,982,219
2018-02-27 00:00:00,994,1325,17.45,1058,1875,979,221
2018-02-28 00:00:00,983,1322,14.42,1048,1877,979,221
2018-03-01 00:00:00,967,1310,16.25,1007,1872,992,222
2018-03-02 00:00:00,973,1332,16.55,1005,1872,992,222
2018-03-05 00:00:00,965,1322,17.47,988,1847,992,221
2018-03-06 00:00:00,970,1329,16.62,989,1852,989,217
2018-03-07 00:00:00,967,1337,16.65,984,1851,997,222
2018-03-08 00:00:00,960,1332,16.5,990,1847,1001,221
2018-03-09 00:00:00,963,1327,18.62,998,1851,998,217
2018-03-12 00:00:00,968,1324,17.57,998,1847,1001,222
2018-03-13 00:00:00,975,1332,13.6,999,1852,998,217
2018-03-14 00:00:00,966,1327,15.55,1002,1902,1008,217
2018-03-15 00:00:00,961,1325,18.55,999,1901,1007,221
2018-03-16 00:00:00,957,1315,17.35,993,1959,1016,226
2018-03-19 00:00:00,945,1314,13.3,998,1958,1013,225
2018-03-20 00:00:00,947,1308,17.18,982,1979,1017,227
2018-03-21 00:00:00,955,1330,16.55,993,1979,1029,227
2018-03-22 00:00:00,952,1329,13.45,983,1979,1029,225
2018-03-23 00:00:00,957,1344,16.6,985,1977,1030,225
2018-03-26 00:00:00,949,1347,17.6,983,1987,1033,223
2018-03-27 00:00:00,956,1350,15.6,985,2014,1037,223
2018-03-28 00:00:00,943,1344,13.55,975,2052,1042,228
2018-03-29 00:00:00,943,1335,15.32,973,2051,1039,231
2018-04-03 00:00:00,935,1345,16.58,950,2051,1039,230
2018-04-04 00:00:00,924,1335,18.45,923,2049,1039,231
2018-04-05 00:00:00,913,1330,18.23,921,2048,1042,231
2018-04-06 00:00:00,916,1330,15.37,909,2039,1049,237
2018-04-09 00:00:00,928,1339,15.45,935,2041,1051,232
2018-04-10 00:00:00,939,1342,14.68,955,2048,1057,239
2018-04-11 00:00:00,937,1348,15.6,965,2071,1062,239
2018-04-12 00:00:00,935,1348,17.55,958,2068,1059,238
2018-04-13 00:00:00,930,1344,15.52,987,2068,1061,241
2018-04-16 00:00:00,933,1352,14.7,1011,2095,1058,242
2018-04-17 00:00:00,934,1348,15.7,1009,2095,1058,242
2018-04-18 00:00:00,947,1355,19.13,1042,2097,1075,246
2018-04-19 00:00:00,950,1353,16.2,1041,2121,1087,250
2018-04-20 00:00:00,933,1345,17.12,1038,2121,1086,249
2018-04-23 00:00:00,922,1328,15.8,998,2118,1082,255
2018-04-24 00:00:00,926,1333,18.71,981,2102,1087,252
2018-04-25 00:00:00,921,1323,13.55,969,2064,1090,252
2018-04-26 00:00:00,922,1326,18.61,1000,2062,1097,252
2018-04-27 00:00:00,911,1319,18.52,992,2064,1098,254
2018-04-30 00:00:00,916,1324,16.5,982,2064,1115,260
2018-05-02 00:00:00,902,1314,13.38,974,2034,1148,263
2018-05-03 00:00:00,906,1318,15.56,975,2035,1148,267
2018-05-04 00:00:00,906,1320,13.46,969,2032,1177,265
2018-05-07 00:00:00,916,1317,13.53,983,2035,1172,264
2018-05-08 00:00:00,914,1314,16.5,975,2033,1191,265
2018-05-09 00:00:00,916,1313,13.46,978,2035,1201,264
2018-05-11 00:00:00,931,1325,16.85,1011,2071,1274,266
2018-05-14 00:00:00,930,1323,15.7,997,2091,1273,264
2018-05-15 00:00:00,902,1307,14.34,975,2099,1297,275
2018-05-16 00:00:00,897,1290,15.26,985,2109,1300,277
2018-05-17 00:00:00,896,1299,18.45,991,2162,1300,277
2018-05-18 00:00:00,890,1295,17.44,985,2196,1332,277
2018-05-22 00:00:00,908,1299,16.6,1008,2248,1374,274
2018-05-23 00:00:00,905,1295,18.4,982,2247,1372,274
2018-05-24 00:00:00,915,1304,14.6,982,2249,1377,277
2018-05-25 00:00:00,909,1304,14.6,977,2248,1425,272
2018-05-28 00:00:00,907,1300,13.47,988,2251,1426,274
2018-05-29 00:00:00,911,1308,16.47,996,2250,1423,274
2018-05-30 00:00:00,910,1305,14.38,981,2248,1423,276
2018-06-01 00:00:00,911,1305,18.44,993,2248,1426,276
2018-06-04 00:00:00,903,1296,15.4,1007,2252,1426,274
2018-06-05 00:00:00,899,1294,16.42,996,2250,1426,275
2018-06-06 00:00:00,910,1307,17.75,1014,2248,1427,275
2018-06-07 00:00:00,912,1307,17.91,1035,2248,1425,274
2018-06-08 00:00:00,901,1301,17.7,1020,2250,1426,274
2018-06-11 00:00:00,914,1302,13.9,1027,2248,1423,276
2018-06-12 00:00:00,912,1301,14.9,1022,2249,1424,274
2018-06-13 00:00:00,904,1300,18.0,1019,2251,1424,277
2018-06-14 00:00:00,916,1309,18.19,1013,2250,1425,273
2018-06-15 00:00:00,902,1299,14.11,1009,2248,1426,274
2018-06-18 00:00:00,893,1282,18.55,1002,2247,1425,275
2018-06-19 00:00:00,875,1279,14.3,986,2263,1424,274
2018-06-20 00:00:00,880,1277,14.37,978,2265,1424,273
2018-06-21 00:00:00,865,1268,15.3,958,2267,1425,273
2018-06-22 00:00:00,869,1271,13.36,965,2252,1427,277
2018-06-25 00:00:00,877,1270,15.33,962,2251,1425,275
2018-06-26 00:00:00,870,1257,16.24,947,2248,1423,274
2018-06-27 00:00:00,864,1258,15.21,950,2250,1427,274
2018-06-28 00:00:00,850,1257,17.04,942,2247,1424,273
2018-06-29 00:00:00,854,1254,14.13,952,2252,1427,276
2018-07-02 00:00:00,842,1252,15.91,947,2252,1417,272
2018-07-03 00:00:00,844,1248,14.95,956,2249,1416,269
2018-07-04 00:00:00,845,1265,17.07,951,2248,1416,270
2018-07-05 00:00:00,843,1259,13.05,952,2250,1414,270
2018-07-06 00:00:00,848,1258,13.04,953,2250,1417,267
2018-07-09 00:00:00,862,1265,13.18,972,2247,1416,269
2018-07-10 00:00:00,843,1256,15.04,955,2263,1416,271
2018-07-11 00:00:00,842,1255,12.98,948,2266,1416,271
2018-07-12 00:00:00,848,1247,12.95,955,2263,1413,269
2018-07-13 00:00:00,835,1245,12.86,944,2263,1413,267
2018-07-16 00:00:00,829,1241,12.8,929,2267,1414,270
2018-07-17 00:00:00,828,1235,15.63,917,2263,1417,267
2018-07-18 00:00:00,812,1226,12.52,913,2312,1414,271
2018-07-19 00:00:00,803,1219,13.3,890,2325,1417,271
2018-07-20 00:00:00,825,1236,17.5,894,2323,1415,268
2018-07-23 00:00:00,836,1235,12.55,909,2342,1425,271
2018-07-24 00:00:00,845,1227,15.5,929,2341,1425,269
2018-07-25 00:00:00,844,1227,13.52,930,2338,1422,268
2018-07-26 00:00:00,835,1236,17.56,939,2326,1426,270
2018-07-27 00:00:00,830,1226,17.45,934,2324,1427,268
2018-07-30 00:00:00,827,1226,13.45,929,2326,1424,268
2018-07-31 00:00:00,834,1227,15.53,935,2322,1425,269
2018-08-01 00:00:00,826,1223,14.55,929,2311,1425,268
2018-08-02 00:00:00,837,1223,14.45,929,2308,1424,272
2018-08-03 00:00:00,839,1220,17.47,925,2323,1423,267
2018-08-06 00:00:00,829,1213,13.35,911,2335,1427,270
2018-08-07 00:00:00,843,1214,17.48,926,2336,1426,268
2018-08-08 00:00:00,833,1219,14.47,915,2332,1422,267
2018-08-09 00:00:00,844,1218,12.47,910,2336,1422,270
2018-08-10 00:00:00,835,1216,17.38,914,2346,1425,269
2018-08-13 00:00:00,818,1210,12.25,904,2343,1423,272
2018-08-14 00:00:00,807,1198,17.06,903,2346,1423,267
2018-08-15 00:00:00,778,1192,13.8,859,2345,1424,271
2018-08-16 00:00:00,798,1186,15.75,897,2346,1422,269
2018-08-17 00:00:00,788,1184,13.8,912,2358,1425,272
2018-08-20 00:00:00,800,1188,12.82,923,2359,1423,269
2018-08-21 00:00:00,801,1197,16.83,922,2382,1425,271
2018-08-22 00:00:00,800,1199,14.88,927,2380,1426,272
2018-08-23 00:00:00,784,1197,13.57,921,2377,1425,268
2018-08-24 00:00:00,796,1196,12.65,942,2381,1425,267
2018-08-27 00:00:00,804,1213,14.9,951,2379,1425,267
2018-08-28 00:00:00,811,1215,14.95,959,2388,1441,279
2018-08-29 00:00:00,800,1208,15.78,949,2392,1442,279
2018-08-30 00:00:00,793,1205,15.65,986,2392,1438,279
2018-08-31 00:00:00,797,1210,16.58,985,2388,1439,280
2018-09-03 00:00:00,793,1203,14.5,988,2389,1438,280
2018-09-04 00:00:00,778,1197,13.07,981,2389,1441,277
2018-09-05 00:00:00,784,1199,11.2,989,2389,1438,282
2018-09-06 00:00:00,794,1206,14.26,988,2392,1439,278
2018-09-07 00:00:00,783,1197,14.16,983,2401,1442,281
2018-09-10 00:00:00,794,1196,13.2,987,2398,1441,279
2018-09-11 00:00:00,790,1200,14.2,985,2398,1437,281
2018-09-12 00:00:00,792,1197,16.15,980,2398,1441,282
2018-09-13 00:00:00,812,1212,12.33,984,2398,1439,277
2018-09-14 00:00:00,811,1207,13.28,988,2402,1438,282
2018-09-17 00:00:00,808,1207,15.25,985,2425,1471,277
2018-09-18 00:00:00,817,1205,11.27,1002,2442,1472,283
2018-09-19 00:00:00,825,1207,15.28,1043,2501,1467,284
2018-09-20 00:00:00,833,1210,16.33,1052,2526,1468,285
2018-09-21 00:00:00,831,1197,14.3,1054,2582,1470,282
2018-09-24 00:00:00,835,1202,13.35,1065,2586,1468,282
2018-09-25 00:00:00,831,1207,16.45,1072,2582,1471,285
2018-09-26 00:00:00,836,1204,13.55,1068,2585,1469,284
2018-09-27 00:00:00,826,1193,16.3,1086,2583,1467,284
2018-09-28 00:00:00,815,1187,16.32,1093,2587,1468,283
2018-10-01 00:00:00,823,1188,15.52,1059,2587,1468,283
2018-10-02 00:00:00,832,1204,12.75,1068,2585,1470,286
2018-10-04 00:00:00,837,1209,11.78,1069,2582,1470,284
2018-10-05 00:00:00,829,1209,14.68,1079,2582,1467,286
2018-10-08 00:00:00,814,1187,11.34,1066,2584,1469,286
2018-10-09 00:00:00,823,1190,12.35,1078,2563,1471,285
2018-10-10 00:00:00,823,1194,16.42,1087,2500,1469,285
2018-10-11 00:00:00,833,1210,15.46,1088,2497,1467,286
2018-10-12 00:00:00,846,1222,12.58,1087,2500,1468,282
2018-10-15 00:00:00,846,1233,14.78,1087,2463,1470,286
2018-10-16 00:00:00,849,1230,11.7,1089,2438,1472,282
2018-10-17 00:00:00,845,1228,12.72,1088,2442,1469,287
2018-10-18 00:00:00,834,1229,13.59,1078,2465,1467,286
2018-10-19 00:00:00,837,1233,12.65,1084,2465,1467,283
2018-10-22 00:00:00,829,1223,15.55,1122,2466,1481,283
2018-10-23 00:00:00,835,1242,16.8,1141,2464,1478,282
2018-10-24 00:00:00,834,1235,12.75,1136,2463,1482,284
2018-10-25 00:00:00,828,1235,12.65,1113,2430,1477,285
2018-10-26 00:00:00,829,1242,11.75,1104,2408,1481,282
2018-10-29 00:00:00,845,1234,16.77,1114,2409,1481,284
2018-10-30 00:00:00,835,1233,14.48,1080,2392,1479,286
2018-10-31 00:00:00,842,1220,16.32,1090,2390,1480,286
2018-11-01 00:00:00,859,1235,13.6,1107,2389,1481,284
2018-11-02 00:00:00,869,1237,14.8,1114,2390,1480,287
2018-11-05 00:00:00,875,1234,14.7,1134,2390,1478,282
2018-11-06 00:00:00,875,1234,14.6,1119,2428,1482,284
2018-11-07 00:00:00,878,1236,12.7,1135,2429,1478,282
2018-11-08 00:00:00,871,1228,13.42,1124,2429,1477,287
2018-11-09 00:00:00,861,1214,15.24,1119,2452,1477,283
2018-11-12 00:00:00,854,1210,16.19,1114,2485,1479,284
2018-11-13 00:00:00,844,1206,16.03,1112,2499,1479,282
2018-11-14 00:00:00,842,1210,12.08,1139,2514,1478,282
2018-11-15 00:00:00,841,1215,15.26,1150,2513,1482,282
2018-11-16 00:00:00,844,1227,14.32,1187,2514,1480,284
2018-11-19 00:00:00,851,1227,16.39,1184,2541,1482,282
2018-11-20 00:00:00,848,1229,14.4,1151,2540,1482,284
2018-11-21 00:00:00,852,1227,12.41,1156,2572,1479,286
2018-11-22 00:00:00,850,1233,11.52,1160,2573,1482,284
2018-11-23 00:00:00,848,1228,12.43,1156,2573,1482,284
2018-11-26 00:00:00,848,1228,13.4,1157,2575,1482,284
2018-11-27 00:00:00,842,1222,15.22,1152,2572,1478,287
2018-11-28 00:00:00,833,1219,12.16,1184,2585,1477,284
2018-11-29 00:00:00,832,1228,13.37,1185,2587,1478,283
2018-11-30 00:00:00,804,1223,15.12,1195,2583,1480,283
2018-12-03 00:00:00,814,1229,13.44,1226,2584,1477,286
2018-12-04 00:00:00,809,1245,12.63,1242,2582,1477,286
2018-12-05 00:00:00,806,1244,14.53,1270,2585,1480,287
2018-12-06 00:00:00,792,1248,11.52,1209,2584,1480,287
2018-12-07 00:00:00,792,1241,14.47,1212,2584,1482,286
2018-12-10 00:00:00,796,1250,14.6,1231,2584,1482,282
2018-12-11 00:00:00,786,1249,13.64,1256,2577,1481,285
2018-12-12 00:00:00,799,1249,13.77,1270,2540,1482,282
2018-12-13 00:00:00,802,1243,16.75,1272,2532,1469,280
2018-12-14 00:00:00,793,1240,13.59,1234,2521,1472,281
2018-12-17 00:00:00,789,1241,14.65,1265,2521,1470,280
2018-12-18 00:00:00,793,1249,14.75,1269,2502,1471,277
2018-12-19 00:00:00,797,1261,11.8,1259,2465,1467,280
2018-12-20 00:00:00,797,1257,12.78,1279,2467,1470,279
2018-12-21 00:00:00,793,1256,16.67,1260,2465,1470,277
2018-12-27 00:00:00,799,1273,17.13,1266,2466,1470,278
2018-12-28 00:00:00,804,1286,16.34,1277,2466,1467,281
2019-01-02 00:00:00,793,1297,12.42,1267,2463,1471,277
2019-01-03 00:00:00,800,1295,17.62,1271,2466,1468,280
2019-01-04 00:00:00,815,1283,17.67,1301,2465,1469,281
2019-01-07 00:00:00,831,1292,13.81,1316,2450,1467,277
2019-01-08 00:00:00,827,1285,16.6,1334,2449,1468,282
2019-01-09 00:00:00,824,1292,17.78,1341,2448,1471,280
2019-01-10 00:00:00,832,1299,17.75,1340,2451,1472,279
2019-01-11 00:00:00,827,1296,17.76,1341,2437,1471,282
2019-01-14 00:00:00,815,1296,16.6,1339,2438,1467,278
2019-01-15 00:00:00,809,1296,14.6,1339,2437,1467,282
2019-01-16 00:00:00,807,1296,14.66,1358,2437,1468,277
2019-01-17 00:00:00,807,1295,12.55,1399,2442,1472,280
2019-01-18 00:00:00,815,1287,12.5,1422,2462,1471,280
2019-01-21 00:00:00,807,1286,17.33,1391,2462,1467,280
2019-01-22 00:00:00,792,1283,12.3,1360,2486,1470,278
2019-01-23 00:00:00,801,1286,14.45,1365,2486,1467,278
2019-01-24 00:00:00,802,1289,15.35,1337,2499,1469,280
2019-01-25 00:00:00,817,1293,17.6,1341,2497,1472,277
2019-01-28 00:00:00,817,1304,14.67,1343,2501,1467,280
2019-01-29 00:00:00,826,1312,14.93,1345,2499,1467,280
2019-01-30 00:00:00,828,1320,14.05,1348,2498,1470,281
2019-01-31 00:00:00,825,1331,15.15,1383,2497,1471,282
2019-02-01 00:00:00,832,1324,15.03,1376,2502,1468,277
2019-02-04 00:00:00,824,1315,12.82,1377,2507,1472,278
2019-02-05 00:00:00,829,1320,14.92,1377,2518,1468,280
2019-02-06 00:00:00,822,1317,17.87,1385,2521,1467,278
2019-02-07 00:00:00,813,1319,17.78,1395,2519,1471,280
2019-02-08 00:00:00,805,1317,13.7,1401,2518,1467,277
2019-02-11 00:00:00,796,1314,12.77,1394,2520,1470,281
2019-02-12 00:00:00,790,1312,16.78,1407,2547,1463,277
2019-02-13 00:00:00,795,1314,12.8,1421,2551,1464,277
2019-02-14 00:00:00,792,1309,17.7,1415,2547,1466,274
2019-02-15 00:00:00,790,1317,15.64,1427,2599,1459,272
2019-02-18 00:00:00,810,1326,17.82,1460,2672,1462,274
2019-02-19 00:00:00,815,1329,17.78,1485,2702,1461,272
2019-02-20 00:00:00,825,1350,14.1,1502,2725,1460,275
2019-02-21 00:00:00,830,1335,13.98,1486,2701,1459,275
2019-02-22 00:00:00,840,1328,13.93,1487,2701,1457,273
2019-02-25 00:00:00,857,1337,14.0,1536,2698,1459,272
2019-02-26 00:00:00,857,1334,14.9,1571,2716,1458,273
2019-02-27 00:00:00,876,1323,15.8,1535,2751,1459,273
2019-02-28 00:00:00,881,1324,14.78,1554,2747,1457,276
2019-03-01 00:00:00,872,1310,13.5,1572,2822,1457,273
2019-03-04 00:00:00,848,1290,16.1,1545,2851,1462,275
2019-03-05 00:00:00,843,1287,14.1,1534,2910,1461,274
2019-03-06 00:00:00,832,1285,12.12,1519,2950,1461,274
2019-03-07 00:00:00,830,1290,12.02,1539,2976,1458,277
2019-03-08 00:00:00,823,1303,17.3,1530,3023,1460,276
2019-03-11 00:00:00,818,1301,14.35,1530,3127,1460,274
2019-03-12 00:00:00,838,1298,14.41,1551,3147,1458,273
2019-03-13 00:00:00,847,1308,17.51,1554,3149,1460,274
2019-03-14 00:00:00,836,1303,12.3,1553,3169,1460,272
2019-03-15 00:00:00,832,1302,13.36,1569,3168,1459,274
2019-03-18 00:00:00,842,1310,15.42,1579,3191,1457,277
2019-03-19 00:00:00,853,1314,17.4,1591,3216,1457,276
2019-03-20 00:00:00,867,1305,14.37,1609,3242,1462,273
2019-03-21 00:00:00,874,1321,17.59,1616,3282,1460,275
2019-03-22 00:00:00,859,1313,15.4,1577,3299,1462,276
2019-03-25 00:00:00,857,1319,15.55,1570,3333,1457,272
2019-03-26 00:00:00,863,1326,14.51,1560,3337,1462,275
2019-03-27 00:00:00,863,1319,14.35,1473,3334,1457,275
2019-03-28 00:00:00,855,1304,15.17,1387,3272,1458,275
2019-03-29 00:00:00,859,1303,17.2,1396,3098,1460,275
2019-04-01 00:00:00,856,1299,15.16,1427,3097,1457,275
2019-04-02 00:00:00,853,1292,12.12,1448,3027,1457,276
2019-04-03 00:00:00,867,1296,14.1,1414,3025,1459,274
2019-04-04 00:00:00,893,1287,16.0,1387,2997,1462,272
2019-04-05 00:00:00,908,1293,13.15,1385,2998,1461,269
2019-04-08 00:00:00,919,1306,13.3,1387,2999,1460,268
2019-04-09 00:00:00,906,1309,16.35,1406,3000,1461,272
2019-04-10 00:00:00,902,1302,15.23,1397,2963,1461,269
2019-04-11 00:00:00,910,1312,16.25,1398,2965,1462,270
2019-04-12 00:00:00,903,1299,17.0,1386,2948,1460,272
2019-04-15 00:00:00,892,1292,15.95,1376,2928,1458,267
2019-04-16 00:00:00,884,1277,12.98,1372,2930,1459,270
2019-04-17 00:00:00,891,1281,13.07,1384,2897,1457,266
2019-04-18 00:00:00,897,1281,15.02,1412,2922,1457,267
2019-04-23 00:00:00,895,1272,15.8,1398,2952,1459,270
2019-04-24 00:00:00,899,1277,13.85,1417,2949,1461,267
2019-04-25 00:00:00,894,1282,12.91,1429,2949,1461,269
2019-04-26 00:00:00,898,1289,15.1,1455,2949,1461,257
2019-04-29 00:00:00,894,1281,14.0,1368,2977,1462,260
2019-04-30 00:00:00,889,1283,12.87,1367,2975,1462,259
2019-05-02 00:00:00,854,1267,14.63,1360,2924,1461,258
2019-05-03 00:00:00,861,1280,16.88,1377,2924,1458,257
2019-05-06 00:00:00,870,1285,13.9,1344,2923,1461,257
2019-05-07 00:00:00,876,1288,11.83,1343,2922,1459,262
2019-05-08 00:00:00,872,1288,16.0,1337,2922,1462,261
2019-05-09 00:00:00,856,1284,13.77,1286,2926,1461,259
2019-05-10 00:00:00,862,1288,13.81,1320,2926,1460,260
2019-05-13 00:00:00,867,1294,15.74,1341,2922,1459,258
2019-05-14 00:00:00,863,1301,12.82,1332,2899,1459,260
2019-05-15 00:00:00,849,1298,15.82,1348,2898,1462,258
2019-05-16 00:00:00,853,1298,11.8,1344,2901,1461,261
2019-05-17 00:00:00,828,1284,15.45,1324,2886,1459,261
2019-05-20 00:00:00,819,1280,15.44,1322,2849,1462,259
2019-05-21 00:00:00,820,1278,12.47,1344,2850,1462,261
2019-05-22 00:00:00,812,1275,12.45,1320,2852,1461,257
2019-05-23 00:00:00,805,1276,12.47,1321,2801,1457,258
2019-05-24 00:00:00,814,1290,14.6,1333,2798,1460,257
2019-05-27 00:00:00,806,1293,15.63,1336,2801,1457,259
2019-05-28 00:00:00,810,1281,12.35,1347,2797,1461,260
2019-05-29 00:00:00,802,1285,15.42,1350,2802,1459,259
2019-05-31 00:00:00,795,1292,12.53,1372,2797,1460,258
2019-06-03 00:00:00,818,1323,14.73,1333,2848,1458,262
2019-06-04 00:00:00,823,1327,11.76,1350,2852,1462,257
2019-06-05 00:00:00,826,1345,12.93,1349,2900,1460,251
2019-06-06 00:00:00,808,1341,12.95,1353,2924,1459,251
2019-06-07 00:00:00,817,1346,16.1,1372,2924,1462,247
2019-06-11 00:00:00,811,1336,13.74,1389,3013,1459,248
2019-06-12 00:00:00,826,1335,12.85,1401,3252,1458,247
2019-06-13 00:00:00,811,1342,12.84,1445,3549,1458,252
2019-06-14 00:00:00,811,1350,14.95,1457,3502,1458,249
2019-06-17 00:00:00,801,1342,11.87,1468,3452,1461,250
2019-06-18 00:00:00,807,1356,16.03,1491,3398,1459,250
2019-06-19 00:00:00,806,1349,15.99,1510,3352,1462,251
2019-06-21 00:00:00,812,1407,17.4,1516,3247,1458,251
2019-06-24 00:00:00,818,1422,12.47,1537,3148,1458,252
2019-06-25 00:00:00,821,1432,17.46,1548,3147,1458,247
2019-06-26 00:00:00,822,1408,12.33,1540,3148,1461,248
2019-06-27 00:00:00,820,1407,17.25,1542,3248,1458,250
2019-06-28 00:00:00,830,1414,17.31,1547,3397,1459,252
2019-07-01 00:00:00,853,1397,12.22,1555,3451,1462,251
2019-07-02 00:00:00,839,1393,12.19,1554,3452,1462,249
2019-07-03 00:00:00,847,1429,15.35,1575,3449,1461,247
2019-07-04 00:00:00,842,1427,12.33,1566,3449,1459,248
2019-07-05 00:00:00,813,1393,13.01,1568,3427,1460,248
2019-07-08 00:00:00,820,1406,17.07,1570,3422,1460,252
2019-07-09 00:00:00,817,1394,16.0,1561,3498,1457,247
2019-07-10 00:00:00,828,1417,15.3,1591,3552,1461,248
2019-07-11 00:00:00,831,1419,12.2,1584,3624,1458,252
2019-07-12 00:00:00,824,1409,12.15,1537,3623,1457,248
2019-07-15 00:00:00,847,1421,16.4,1573,3623,1462,248
2019-07-16 00:00:00,848,1417,12.65,1556,3622,1461,248
2019-07-17 00:00:00,843,1410,13.85,1548,3548,1457,249
2019-07-18 00:00:00,848,1422,17.08,1517,3547,1461,251
2019-07-19 00:00:00,857,1438,18.35,1508,3525,1462,249
2019-07-22 00:00:00,855,1430,18.35,1525,3497,1457,249
2019-07-23 00:00:00,855,1427,15.52,1537,3498,1460,252
2019-07-24 00:00:00,873,1425,14.55,1535,3498,1462,252
2019-07-25 00:00:00,876,1422,14.5,1539,3549,1460,252
2019-07-26 00:00:00,872,1426,13.47,1543,3552,1458,250
2019-07-29 00:00:00,884,1425,18.4,1563,3598,1461,248
2019-07-30 00:00:00,878,1425,18.45,1543,3650,1458,248
2019-07-31 00:00:00,885,1434,15.55,1537,3650,1459,251
2019-08-01 00:00:00,854,1408,16.0,1475,3702,1458,252
2019-08-02 00:00:00,854,1443,13.2,1397,3626,1460,251
2019-08-05 00:00:00,861,1465,15.49,1452,3623,1458,250
2019-08-06 00:00:00,852,1472,14.4,1443,3599,1462,248
2019-08-07 00:00:00,864,1502,17.0,1442,3701,1459,247
2019-08-08 00:00:00,857,1501,15.95,1435,3727,1462,249
2019-08-09 00:00:00,868,1514,14.15,1435,3749,1458,249
2019-08-12 00:00:00,862,1502,14.93,1433,3752,1461,248
2019-08-13 00:00:00,852,1497,18.9,1469,3825,1458,251
2019-08-14 00:00:00,856,1520,18.28,1441,3850,1461,248
2019-08-15 00:00:00,844,1522,15.2,1450,3914,1462,250
2019-08-16 00:00:00,841,1512,17.1,1455,3952,1457,248
2019-08-19 00:00:00,856,1508,15.01,1479,3951,1462,250
2019-08-20 00:00:00,851,1507,17.05,1494,3952,1462,252
2019-08-21 00:00:00,859,1504,16.1,1499,3949,1461,250
2019-08-22 00:00:00,847,1502,17.1,1466,3949,1458,249
2019-08-23 00:00:00,860,1512,16.22,1470,4173,1459,250
2019-08-26 00:00:00,866,1534,17.57,1479,4177,1461,251
2019-08-27 00:00:00,868,1532,17.9,1489,4277,1457,250
2019-08-28 00:00:00,896,1543,15.42,1472,4647,1460,252
2019-08-29 00:00:00,929,1551,19.62,1494,4798,1461,247
2019-08-30 00:00:00,942,1535,16.45,1541,5151,1459,249
2019-09-02 00:00:00,933,1529,19.37,1529,5151,1458,249
2019-09-03 00:00:00,951,1547,19.93,1542,5151,1458,248
2019-09-04 00:00:00,993,1547,20.45,1560,5000,1459,249
2019-09-05 00:00:00,967,1528,16.95,1557,4751,1461,247
2019-09-06 00:00:00,943,1507,18.17,1557,4450,1462,252
2019-09-09 00:00:00,955,1510,15.1,1560,4352,1459,251
2019-09-10 00:00:00,946,1500,16.0,1562,4497,1458,249
2019-09-11 00:00:00,942,1496,15.1,1585,4647,1458,251
2019-09-12 00:00:00,953,1525,19.28,1599,5102,1462,250
2019-09-13 00:00:00,970,1511,16.1,1613,5097,1462,247
2019-09-16 00:00:00,941,1504,19.84,1608,4998,1462,249
2019-09-17 00:00:00,943,1500,19.84,1614,4952,1482,248
2019-09-18 00:00:00,939,1504,18.9,1588,4951,1478,251
2019-09-19 00:00:00,945,1510,16.93,1614,5201,1477,248
2019-09-20 00:00:00,944,1509,14.92,1648,5451,1482,251
2019-09-23 00:00:00,966,1525,20.5,1662,5500,1477,251
2019-09-24 00:00:00,957,1523,20.4,1671,5398,1482,249
2019-09-25 00:00:00,948,1533,17.5,1657,5400,1477,250
2019-09-26 00:00:00,937,1511,17.0,1669,5376,1488,252
2019-09-27 00:00:00,933,1500,15.6,1663,5347,1487,247
2019-09-30 00:00:00,908,1487,14.18,1681,5350,1490,247
2019-10-01 00:00:00,880,1478,15.2,1657,5299,1492,247
2019-10-02 00:00:00,886,1499,15.43,1691,5297,1487,252
2019-10-04 00:00:00,880,1503,14.39,1668,5200,1502,247
2019-10-07 00:00:00,890,1511,17.55,1675,5147,1497,252
2019-10-08 00:00:00,894,1508,15.62,1659,5150,1497,249
2019-10-09 00:00:00,900,1512,18.8,1684,5148,1497,251
2019-10-10 00:00:00,895,1514,14.76,1700,5249,1499,249
2019-10-11 00:00:00,892,1488,19.55,1708,5401,1502,250
2019-10-14 00:00:00,902,1491,17.61,1702,5347,1498,250
2019-10-15 00:00:00,900,1491,18.55,1737,5451,1501,248
2019-10-16 00:00:00,895,1496,16.43,1766,5548,1502,249
2019-10-17 00:00:00,890,1499,14.57,1776,5600,1499,247
2019-10-18 00:00:00,891,1494,16.55,1767,5602,1502,252
2019-10-21 00:00:00,897,1496,18.75,1776,5598,1501,249
2019-10-22 00:00:00,896,1491,15.59,1771,5600,1502,252
2019-10-23 00:00:00,917,1497,15.62,1757,5502,1499,249
2019-10-24 00:00:00,927,1497,19.6,1753,5497,1499,248
2019-10-25 00:00:00,936,1518,20.3,1785,5449,1498,248
2019-10-28 00:00:00,927,1495,14.85,1810,5448,1500,251
2019-10-29 00:00:00,916,1499,19.79,1799,5424,1497,249
2019-10-30 00:00:00,929,1495,17.9,1795,5425,1501,250
2019-10-31 00:00:00,939,1511,17.08,1804,5423,1500,250
2019-11-01 00:00:00,951,1513,18.1,1819,5422,1497,250
2019-11-04 00:00:00,951,1514,15.12,1802,5427,1500,249
2019-11-05 00:00:00,933,1495,16.7,1772,5424,1499,250
2019-11-06 00:00:00,937,1487,14.6,1802,5472,1501,250
2019-11-07 00:00:00,933,1487,19.55,1808,5547,1501,249
2019-11-08 00:00:00,895,1460,14.86,1781,5576,1501,249
2019-11-11 00:00:00,888,1466,18.92,1754,5573,1501,252
2019-11-12 00:00:00,869,1457,18.78,1701,5676,1501,251
2019-11-13 00:00:00,875,1463,14.9,1720,5672,1501,252
2019-11-14 00:00:00,876,1472,14.1,1732,5747,1501,247
2019-11-15 00:00:00,892,1466,19.0,1732,6048,1499,252
2019-11-18 00:00:00,893,1467,18.94,1724,6123,1500,249
2019-11-19 00:00:00,909,1476,16.06,1759,6127,1498,248
2019-11-20 00:00:00,919,1479,15.16,1771,6127,1501,248
2019-11-21 00:00:00,920,1473,16.13,1767,6124,1501,251
2019-11-22 00:00:00,910,1472,19.15,1764,6124,1497,248
2019-11-25 00:00:00,898,1461,13.98,1806,6049,1498,251
2019-11-26 00:00:00,917,1461,16.1,1807,6051,1498,251
2019-11-27 00:00:00,904,1457,16.05,1806,6050,1501,249
2019-11-28 00:00:00,898,1462,18.0,1837,6000,1501,250
2019-11-29 00:00:00,895,1458,15.0,1829,6000,1498,247
2019-12-02 00:00:00,894,1461,17.96,1851,6000,1497,252
2019-12-03 00:00:00,912,1480,15.2,1853,5998,1498,248
2019-12-04 00:00:00,902,1474,13.85,1865,6001,1501,247
2019-12-05 00:00:00,895,1480,16.92,1857,5997,1502,250
2019-12-06 00:00:00,900,1466,15.8,1878,6052,1498,248
2019-12-09 00:00:00,906,1468,17.65,1902,6150,1502,247
2019-12-10 00:00:00,919,1466,18.63,1893,6150,1497,250
2019-12-11 00:00:00,935,1471,17.75,1913,6147,1498,248
2019-12-12 00:00:00,948,1487,16.07,1939,6252,1498,248
2019-12-13 00:00:00,940,1470,13.9,1979,6250,1501,252
2019-12-16 00:00:00,940,1483,14.05,1968,6249,1497,251
2019-12-17 00:00:00,935,1479,19.09,1960,6248,1501,248
2019-12-18 00:00:00,935,1482,14.09,1949,6198,1501,252
2019-12-19 00:00:00,943,1482,14.0,1942,6177,1502,247
2019-12-20 00:00:00,926,1480,14.24,1899,6174,1498,250
2019-12-23 00:00:00,927,1488,17.35,1882,6174,1498,250
2019-12-27 00:00:00,947,1516,17.84,1909,6174,1500,251
2019-12-30 00:00:00,950,1517,19.95,1907,6174,1502,248
2020-01-02 00:00:00,991,1526,20.03,1942,6252,1498,251
2020-01-03 00:00:00,1000,1549,17.25,1968,6350,1501,255
2020-01-06 00:00:00,965,1563,15.08,2028,6947,1501,257
2020-01-07 00:00:00,962,1571,15.23,2042,7848,1499,252
2020-01-08 00:00:00,967,1572,17.28,2097,8148,1499,253
2020-01-09 00:00:00,972,1554,15.92,2127,8150,1502,254
2020-01-10 00:00:00,976,1556,17.05,2120,7949,1500,253
2020-01-13 00:00:00,977,1554,16.0,2132,7948,1502,257
2020-01-14 00:00:00,977,1544,14.81,2152,7950,1501,255
2020-01-15 00:00:00,1029,1554,16.95,2257,8251,1501,254
2020-01-16 00:00:00,1004,1553,18.0,2283,8649,1510,258
2020-01-17 00:00:00,1024,1557,20.08,2530,9449,1511,257
2020-01-20 00:00:00,1029,1566,19.09,2527,9549,1507,257
2020-01-21 00:00:00,999,1559,14.72,2413,10152,1509,259
2020-01-22 00:00:00,1011,1558,15.85,2434,10150,1510,259
2020-01-23 00:00:00,1008,1558,18.77,2436,10148,1508,257
2020-01-24 00:00:00,1020,1575,20.05,2398,10449,1509,261
2020-01-27 00:00:00,997,1586,18.24,2352,10451,1512,257
2020-01-28 00:00:00,994,1582,15.7,2269,10447,1509,259
2020-01-29 00:00:00,999,1575,18.55,2309,10451,1511,260
2020-01-30 00:00:00,981,1585,19.83,2292,10448,1510,259
2020-01-31 00:00:00,977,1584,16.85,2292,10748,1507,257
2020-02-03 00:00:00,978,1583,15.79,2320,10750,1508,258
2020-02-04 00:00:00,971,1567,18.66,2403,10952,1517,259
2020-02-05 00:00:00,984,1558,14.63,2448,10949,1519,259
2020-02-06 00:00:00,976,1571,15.82,2411,10950,1521,258
2020-02-07 00:00:00,976,1570,19.82,2352,10849,1522,259
2020-02-10 00:00:00,964,1575,18.74,2372,10849,1520,258
2020-02-11 00:00:00,973,1574,19.8,2371,10849,1520,261
2020-02-12 00:00:00,965,1569,17.52,2367,10948,1520,257
2020-02-13 00:00:00,976,1578,14.7,2423,11252,1520,259
2020-02-14 00:00:00,980,1579,16.71,2466,11549,1517,259
2020-02-17 00:00:00,972,1584,16.88,2456,11847,1520,261
2020-02-18 00:00:00,993,1602,16.2,2593,12501,1517,266
2020-02-19 00:00:00,1008,1610,17.25,2725,12802,1517,267
2020-02-20 00:00:00,992,1620,19.4,2715,12952,1518,266
2020-02-21 00:00:00,982,1643,18.6,2702,12947,1522,263
2020-02-24 00:00:00,972,1677,20.75,2640,12949,1518,266
2020-02-25 00:00:00,959,1657,20.38,2702,13098,1520,265
2020-02-26 00:00:00,927,1648,16.16,2733,13099,1519,264
2020-02-27 00:00:00,921,1654,20.05,2781,13201,1518,262
2020-02-28 00:00:00,869,1612,16.8,2599,13000,1519,263
2020-03-02 00:00:00,871,1602,13.72,2616,12500,1518,263
2020-03-03 00:00:00,876,1623,14.06,2537,12199,1521,266
2020-03-04 00:00:00,885,1639,18.25,2486,12202,1522,264
2020-03-05 00:00:00,874,1655,18.35,2502,12200,1520,264
2020-03-06 00:00:00,900,1672,14.2,2560,13451,1521,266
2020-03-09 00:00:00,873,1685,14.9,2522,14149,1518,266
2020-03-10 00:00:00,881,1655,16.95,2462,14149,1531,263
2020-03-11 00:00:00,879,1660,15.9,2378,14147,1529,265
2020-03-12 00:00:00,782,1580,12.57,1902,13649,1531,267
2020-03-13 00:00:00,772,1543,12.8,1773,12847,1530,265
2020-03-16 00:00:00,699,1487,9.95,1629,10951,1531,265
2020-03-17 00:00:00,696,1536,12.7,1759,8952,1530,267
2020-03-18 00:00:00,635,1504,10.2,1626,7948,1510,263
2020-03-19 00:00:00,614,1488,9.1,1731,5948,1509,266
2020-03-20 00:00:00,641,1506,9.62,1674,5948,1510,264
2020-03-23 00:00:00,642,1526,10.95,1675,5951,1509,263
2020-03-24 00:00:00,696,1610,14.9,1953,6451,1512,265
2020-03-25 00:00:00,728,1619,14.2,2374,9452,1509,264
2020-03-26 00:00:00,748,1645,13.65,2329,10950,1509,265
2020-03-27 00:00:00,749,1620,13.35,2352,11448,1511,264
2020-03-30 00:00:00,736,1624,14.0,2276,11949,1508,284
2020-03-31 00:00:00,736,1612,16.1,2390,11952,1517,283
2020-04-01 00:00:00,720,1589,11.07,2257,10950,1521,287
2020-04-02 00:00:00,730,1607,12.4,2201,10447,1519,282
2020-04-03 00:00:00,735,1621,13.5,2217,9449,1542,283
2020-04-06 00:00:00,739,1640,15.5,2160,8450,1540,282
2020-04-07 00:00:00,748,1653,17.25,2241,7822,1541,297
2020-04-08 00:00:00,749,1657,16.1,2220,7773,1542,293
2020-04-09 00:00:00,746,1657,17.11,2212,7826,1537,295
2020-04-14 00:00:00,797,1741,15.75,2277,8049,1548,293
2020-04-15 00:00:00,784,1727,17.52,2181,9450,1549,296
2020-04-16 00:00:00,801,1731,13.52,2222,10947,1551,296
2020-04-17 00:00:00,790,1697,15.2,2182,10448,1551,292
2020-04-20 00:00:00,788,1687,16.26,2217,10447,1579,305
2020-04-21 00:00:00,752,1686,15.74,1972,9951,1602,307
2020-04-22 00:00:00,770,1707,17.02,1992,9248,1601,303
2020-04-23 00:00:00,780,1737,17.4,2050,9251,1597,316
2020-04-24 00:00:00,778,1736,13.3,2042,9247,1598,313
2020-04-27 00:00:00,768,1720,12.25,1976,8947,1600,315
2020-04-28 00:00:00,782,1714,17.22,1907,8648,1602,316
2020-04-29 00:00:00,787,1706,16.28,1950,8650,1597,317
2020-04-30 00:00:00,788,1718,13.33,2012,8649,1600,316
2020-05-04 00:00:00,768,1710,12.85,1912,8652,1597,312
2020-05-05 00:00:00,778,1698,15.88,1802,7597,1597,313
2020-05-06 00:00:00,761,1696,14.92,1785,7598,1601,316
2020-05-07 00:00:00,768,1694,15.98,1842,7599,1597,315
2020-05-08 00:00:00,773,1723,14.47,1889,7652,1619,314
2020-05-11 00:00:00,766,1710,12.5,1874,8447,1618,313
2020-05-12 00:00:00,782,1706,16.52,1849,8451,1621,312
2020-05-13 00:00:00,775,1711,17.53,1849,8452,1622,314
2020-05-14 00:00:00,772,1718,14.51,1802,8450,1622,314
2020-05-15 00:00:00,784,1744,15.44,1842,8452,1619,313
2020-05-18 00:00:00,823,1751,14.1,2012,8447,1619,315
2020-05-19 00:00:00,838,1743,15.43,2062,9652,1632,316
2020-05-20 00:00:00,863,1756,15.55,2102,9948,1634,315
2020-05-22 00:00:00,844,1739,18.06,2044,9947,1632,303
2020-05-25 00:00:00,835,1730,19.0,1977,9451,1634,303
2020-05-26 00:00:00,847,1728,17.45,2001,9447,1636,306
2020-05-27 00:00:00,842,1705,14.1,1972,9848,1635,304
2020-05-28 00:00:00,846,1731,14.5,1948,10151,1649,307
2020-05-29 00:00:00,848,1734,15.65,1966,10147,1652,306
2020-06-02 00:00:00,862,1742,20.27,1977,9452,1651,296
2020-06-03 00:00:00,839,1702,18.56,1972,9148,1651,292
2020-06-04 00:00:00,843,1711,14.65,1854,9148,1648,294
2020-06-05 00:00:00,827,1687,18.3,1957,9351,1648,293
2020-06-08 00:00:00,845,1696,14.6,2000,9647,1651,293
2020-06-09 00:00:00,846,1720,17.72,1978,9649,1650,293
2020-06-10 00:00:00,838,1728,15.9,1958,9647,1650,292
2020-06-12 00:00:00,833,1734,14.6,1952,9649,1651,297
2020-06-15 00:00:00,815,1716,16.28,1919,9649,1651,292
2020-06-16 00:00:00,838,1731,14.55,1977,9650,1652,292
2020-06-17 00:00:00,832,1734,14.5,1943,9652,1649,292
2020-06-18 00:00:00,822,1730,14.55,1923,9347,1647,294
2020-06-19 00:00:00,831,1741,14.8,1931,9152,1649,293
2020-06-22 00:00:00,834,1757,16.0,1934,9150,1649,294
2020-06-23 00:00:00,832,1768,19.96,1941,8948,1652,296
2020-06-24 00:00:00,812,1771,16.65,1929,8950,1648,292
2020-06-25 00:00:00,803,1767,19.73,1867,8949,1649,294
2020-06-26 00:00:00,809,1757,19.65,1867,8952,1649,294
2020-06-29 00:00:00,822,1780,15.9,1899,8948,1652,296
2020-06-30 00:00:00,826,1770,18.82,1912,8948,1648,295
2020-07-01 00:00:00,824,1781,19.15,1931,8952,1652,295
2020-07-02 00:00:00,829,1771,19.9,1926,8952,1649,293
2020-07-03 00:00:00,822,1776,19.98,1915,8950,1652,297
2020-07-06 00:00:00,838,1788,19.38,1934,8950,1649,293
2020-07-07 00:00:00,839,1798,17.35,1939,8952,1651,297
2020-07-08 00:00:00,859,1819,20.67,1951,8952,1647,292
2020-07-09 00:00:00,866,1818,19.95,1982,8948,1648,295
2020-07-10 00:00:00,850,1811,15.77,1949,8952,1649,296
2020-07-13 00:00:00,853,1812,16.23,2058,8948,1652,294
2020-07-14 00:00:00,837,1803,17.07,1977,8948,1649,297
2020-07-15 00:00:00,838,1814,17.3,1979,8947,1652,296
2020-07-16 00:00:00,832,1811,18.24,2003,8950,1649,294
2020-07-17 00:00:00,840,1811,16.2,2037,8948,1650,295
2020-07-20 00:00:00,852,1821,19.65,2043,8952,1648,294
2020-07-21 00:00:00,888,1844,18.17,2167,8949,1650,295
2020-07-22 00:00:00,906,1855,19.25,2147,8947,1647,292
2020-07-23 00:00:00,918,1884,19.82,2157,8951,1650,293
2020-07-24 00:00:00,942,1910,21.82,2221,8952,1650,294
2020-07-27 00:00:00,956,1945,22.3,2330,8951,1650,293
2020-07-28 00:00:00,951,1944,25.85,2300,8950,1651,293
2020-07-29 00:00:00,943,1960,24.15,2162,8950,1648,294
2020-07-30 00:00:00,911,1961,23.4,2059,9148,1652,294
2020-07-31 00:00:00,916,1964,24.8,2088,9151,1647,296
2020-08-03 00:00:00,932,1967,22.2,2135,9150,1652,297
2020-08-04 00:00:00,940,1990,24.65,2118,9148,1647,294
2020-08-05 00:00:00,975,2048,28.05,2199,9149,1649,296
2020-08-06 00:00:00,988,2063,30.1,2240,9447,1650,297
2020-08-07 00:00:00,979,2053,29.25,2165,10448,1650,295
2020-08-10 00:00:00,1007,2052,30.25,2304,10947,1651,294
2020-08-11 00:00:00,957,1964,26.3,2145,10952,1649,294
2020-08-12 00:00:00,932,1943,25.7,2161,10952,1652,293
2020-08-13 00:00:00,952,1942,27.45,2191,11151,1651,292
2020-08-14 00:00:00,969,1955,23.86,2176,11351,1648,297
2020-08-17 00:00:00,959,1974,24.4,2199,11948,1649,294
2020-08-18 00:00:00,959,1997,25.85,2176,12150,1650,296
2020-08-19 00:00:00,955,1998,28.0,2181,12348,1651,295
2020-08-20 00:00:00,921,1932,27.95,2163,12549,1652,292
2020-08-21 00:00:00,907,1924,27.35,2177,12551,1648,296
2020-08-24 00:00:00,938,1954,27.87,2190,12551,1650,292
2020-08-25 00:00:00,932,1935,26.55,2162,12352,1649,293
2020-08-26 00:00:00,930,1932,27.6,2188,12350,1651,292
2020-08-27 00:00:00,933,1942,27.1,2207,12348,1652,293
2020-08-28 00:00:00,942,1964,28.65,2188,12347,1648,292
2020-08-31 00:00:00,943,1980,26.16,2268,12351,1650,292
2020-09-01 00:00:00,964,1989,26.85,2315,12498,1650,297
2020-09-02 00:00:00,925,1960,25.5,2261,12747,1648,294
2020-09-03 00:00:00,920,1938,24.4,2377,13149,1652,292
2020-09-04 00:00:00,918,1946,23.9,2286,13451,1652,294
2020-09-07 00:00:00,908,1936,26.85,2310,13448,1649,293
2020-09-08 00:00:00,921,1922,26.35,2292,13451,1649,293
2020-09-09 00:00:00,927,1945,25.85,2287,13447,1650,296
2020-09-10 00:00:00,936,1964,25.37,2328,13448,1647,293
2020-09-11 00:00:00,943,1957,24.95,2343,13647,1651,293
2020-09-14 00:00:00,951,1949,28.95,2331,13948,1651,295
2020-09-15 00:00:00,966,1956,29.15,2343,14748,1650,297
2020-09-16 00:00:00,985,1973,26.5,2418,14599,1648,292
2020-09-17 00:00:00,943,1939,27.5,2347,14449,1647,296
2020-09-18 00:00:00,938,1958,26.95,2334,14452,1650,296
2020-09-21 00:00:00,891,1907,21.9,2289,14349,1651,294
2020-09-22 00:00:00,889,1918,22.55,2277,14152,1649,297
2020-09-23 00:00:00,860,1877,22.2,2242,14151,1648,296
2020-09-24 00:00:00,842,1863,19.05,2227,13997,1651,294
2020-09-25 00:00:00,847,1864,24.75,2216,14000,1652,296
2020-09-28 00:00:00,876,1877,25.5,2255,13802,1647,292
2020-09-29 00:00:00,888,1887,23.0,2282,13949,1647,293
2020-09-30 00:00:00,893,1898,23.1,2342,14100,1652,293
2020-10-01 00:00:00,899,1896,22.45,2337,14098,1649,293
2020-10-02 00:00:00,892,1914,25.1,2320,14099,1650,295
2020-10-05 00:00:00,899,1918,22.28,2362,14101,1650,294
2020-10-06 00:00:00,884,1924,23.4,2391,13648,1648,295
2020-10-07 00:00:00,876,1891,25.6,2385,13649,1647,292
2020-10-08 00:00:00,879,1903,25.1,2402,13150,1651,296
2020-10-09 00:00:00,899,1925,26.7,2460,13252,1647,295
2020-10-12 00:00:00,892,1932,22.2,2446,13552,1652,295
2020-10-13 00:00:00,867,1902,26.25,2340,14052,1650,297
2020-10-14 00:00:00,868,1909,21.55,2366,14049,1650,297
2020-10-15 00:00:00,866,1902,21.0,2349,14048,1651,294
2020-10-16 00:00:00,867,1912,26.47,2346,14047,1650,295
2020-10-19 00:00:00,877,1919,23.83,2345,14197,1649,293
2020-10-20 00:00:00,877,1907,23.67,2396,14648,1652,296
2020-10-21 00:00:00,893,1927,23.1,2414,14597,1649,296
2020-10-22 00:00:00,882,1911,21.6,2375,14602,1650,295
2020-10-23 00:00:00,910,1917,25.85,2401,14599,1647,297
2020-10-26 00:00:00,884,1911,22.4,2363,14502,1648,293
2020-10-27 00:00:00,891,1901,24.35,2347,14498,1651,295
2020-10-28 00:00:00,878,1885,22.25,2238,14151,1652,292
2020-10-29 00:00:00,863,1878,22.44,2213,13948,1650,297
2020-10-30 00:00:00,861,1895,23.78,2250,13752,1648,295
2020-11-02 00:00:00,861,1892,25.95,2218,13548,1650,295
2020-11-03 00:00:00,889,1912,26.35,2293,14051,1650,293
2020-11-04 00:00:00,878,1907,21.1,2294,14201,1667,296
2020-11-05 00:00:00,897,1932,22.0,2413,14352,1668,293
2020-11-06 00:00:00,903,1952,22.35,2447,14849,1667,294
2020-11-09 00:00:00,865,1870,23.15,2492,15002,1667,293
2020-11-10 00:00:00,875,1876,23.05,2487,14999,1671,296
2020-11-11 00:00:00,881,1871,23.9,2449,15000,1671,296
2020-11-12 00:00:00,882,1875,23.27,2356,15001,1671,297
2020-11-13 00:00:00,895,1895,21.65,2352,14901,1667,297
2020-11-16 00:00:00,917,1893,24.65,2314,14901,1667,295
2020-11-17 00:00:00,938,1898,22.7,2347,15050,1667,292
2020-11-18 00:00:00,945,1882,24.49,2346,15947,1672,295
2020-11-19 00:00:00,955,1862,20.9,2330,16149,1667,293
2020-11-20 00:00:00,965,1878,21.4,2340,16297,1667,295
2020-11-23 00:00:00,947,1837,24.55,2337,16301,1668,293
2020-11-24 00:00:00,958,1806,22.1,2357,16302,1670,294
2020-11-25 00:00:00,964,1818,24.35,2328,16299,1670,295
2020-11-26 00:00:00,974,1817,24.4,2377,16298,1669,295
2020-11-27 00:00:00,960,1784,20.6,2382,16302,1670,296
2020-11-30 00:00:00,976,1776,24.2,2416,16299,1667,292
2020-12-01 00:00:00,995,1821,24.7,2430,16300,1687,293
2020-12-02 00:00:00,1020,1828,24.75,2397,16299,1697,293
2020-12-03 00:00:00,1036,1839,22.05,2398,16302,1698,296
2020-12-04 00:00:00,1073,1845,25.15,2374,16651,1715,295
2020-12-07 00:00:00,1044,1860,23.4,2347,16502,1713,292
2020-12-08 00:00:00,1034,1875,24.65,2344,16502,1713,297
2020-12-09 00:00:00,1033,1858,21.3,2325,16501,1748,293
2020-12-10 00:00:00,1046,1851,26.2,2364,16498,1749,294
2020-12-11 00:00:00,1018,1842,25.0,2337,16498,1750,297
2020-12-14 00:00:00,1022,1838,24.1,2332,16602,1826,296
2020-12-15 00:00:00,1033,1852,23.45,2349,16749,1872,294
2020-12-16 00:00:00,1037,1861,24.93,2322,16752,1923,297
2020-12-17 00:00:00,1061,1892,26.0,2361,16948,2100,293
2020-12-18 00:00:00,1055,1886,23.9,2351,16950,2452,294
2020-12-21 00:00:00,1002,1888,26.15,2331,17049,2948,292
2020-12-22 00:00:00,1028,1890,24.05,2381,17047,3050,293
2020-12-23 00:00:00,1023,1872,26.5,2352,17052,3048,294
2020-12-28 00:00:00,1050,1889,23.65,2449,17051,3049,296
2020-12-29 00:00:00,1043,1880,23.12,2366,17051,3051,297
2020-12-30 00:00:00,1072,1887,24.35,2352,17347,3051,294
2021-01-04 00:00:00,1128,1943,25.5,2470,18147,3047,293
2021-01-05 00:00:00,1094,1953,28.5,2434,18647,3050,293
2021-01-06 00:00:00,1106,1939,24.35,2422,18948,3151,294
2021-01-07 00:00:00,1115,1923,24.2,2423,18947,3448,297
2021-01-08 00:00:00,1092,1872,23.05,2383,18949,3448,292
2021-01-11 00:00:00,1037,1846,23.05,2359,19451,3647,325
2021-01-12 00:00:00,1069,1855,23.35,2390,19948,3652,334
2021-01-13 00:00:00,1105,1863,25.45,2402,20952,3949,335
2021-01-14 00:00:00,1118,1854,23.4,2402,21102,3948,332
2021-01-15 00:00:00,1087,1840,23.8,2411,21950,3952,332
2021-01-18 00:00:00,1087,1832,23.85,2402,21947,3950,334
2021-01-19 00:00:00,1091,1841,26.1,2382,22448,4052,337
2021-01-20 00:00:00,1113,1869,25.7,2385,22148,4048,337
2021-01-21 00:00:00,1147,1862,27.75,2392,21199,4101,337
2021-01-22 00:00:00,1113,1852,26.4,2373,20700,4097,333
2021-01-25 00:00:00,1107,1860,23.4,2348,19698,4101,353
2021-01-26 00:00:00,1107,1865,22.55,2340,19701,4351,354
2021-01-27 00:00:00,1077,1838,23.85,2314,19700,4449,365
2021-01-28 00:00:00,1101,1865,27.65,2354,19698,4448,376
2021-01-29 00:00:00,1100,1869,26.35,2305,20702,4451,377
2021-02-01 00:00:00,1128,1864,26.45,2282,20697,4648,376
2021-02-02 00:00:00,1110,1837,27.0,2247,20697,4649,372
2021-02-03 00:00:00,1113,1845,28.1,2272,21851,4751,374
2021-02-04 00:00:00,1091,1803,25.2,2269,22451,4747,374
2021-02-05 00:00:00,1124,1813,26.7,2349,22448,4750,376
2021-02-08 00:00:00,1175,1839,29.55,2362,22449,4750,376
2021-02-09 00:00:00,1187,1842,25.45,2331,22347,4948,376
2021-02-10 00:00:00,1247,1853,27.5,2379,22449,4948,374
2021-02-11 00:00:00,1255,1848,28.25,2381,22650,5047,376
2021-02-12 00:00:00,1230,1821,24.25,2378,23048,5047,375
2021-02-15 00:00:00,1308,1824,28.7,2436,23048,5051,376
2021-02-16 00:00:00,1298,1813,29.45,2409,23449,5051,376
2021-02-17 00:00:00,1262,1786,24.15,2401,23447,5051,376
2021-02-18 00:00:00,1272,1779,25.15,2384,23749,5050,376
2021-02-19 00:00:00,1299,1782,27.15,2385,24347,5050,375
2021-02-22 00:00:00,1282,1810,25.75,2407,24748,5050,375
2021-02-23 00:00:00,1243,1806,26.6,2345,25248,5150,372
2021-02-24 00:00:00,1257,1795,25.7,2407,25949,5152,382
2021-02-25 00:00:00,1255,1780,24.75,2470,27248,5302,397
2021-02-26 00:00:00,1197,1733,23.45,2335,27549,5400,396
2021-03-01 00:00:00,1219,1741,28.85,2367,28948,5399,392
2021-03-02 00:00:00,1194,1732,23.4,2373,28952,5398,393
2021-03-03 00:00:00,1193,1714,27.25,2374,29752,5397,395
2021-03-04 00:00:00,1178,1716,23.0,2378,30151,5700,404
2021-03-05 00:00:00,1139,1700,25.25,2375,30149,5699,403
2021-03-08 00:00:00,1156,1694,22.25,2332,29752,5952,408
2021-03-09 00:00:00,1178,1722,24.0,2305,28251,5947,420
2021-03-10 00:00:00,1192,1721,27.0,2304,27452,6051,417
2021-03-11 00:00:00,1215,1731,25.05,2372,24950,6051,418
2021-03-12 00:00:00,1195,1712,26.65,2372,25048,6101,419
2021-03-15 00:00:00,1216,1729,27.1,2400,25449,6101,420
2021-03-16 00:00:00,1220,1737,28.0,2514,25948,6201,420
2021-03-17 00:00:00,1207,1736,23.0,2501,27698,6447,433
2021-03-18 00:00:00,1226,1734,23.0,2752,28699,6449,433
2021-03-19 00:00:00,1192,1742,23.2,2637,30700,6602,435
2021-03-22 00:00:00,1193,1735,26.65,2616,30952,6598,432
2021-03-23 00:00:00,1187,1731,25.2,2636,30450,6350,437
2021-03-24 00:00:00,1186,1732,26.3,2632,29652,6348,433
2021-03-25 00:00:00,1164,1739,26.0,2626,29047,6349,433
2021-03-26 00:00:00,1178,1739,25.05,2672,27400,6352,433
2021-03-29 00:00:00,1189,1720,22.65,2553,27100,6351,433
2021-03-30 00:00:00,1172,1688,24.1,2603,27097,6348,435
2021-03-31 00:00:00,1189,1690,21.1,2635,27750,6349,444
2021-04-01 00:00:00,1206,1725,26.65,2647,27750,6351,446
2021-04-06 00:00:00,1240,1742,25.1,2694,29948,6347,444
2021-04-07 00:00:00,1242,1735,22.9,2643,29950,6348,442
2021-04-08 00:00:00,1238,1758,27.55,2652,29951,6349,443
2021-04-09 00:00:00,1209,1746,27.1,2651,29248,6450,456
2021-04-12 00:00:00,1191,1742,26.2,2659,28947,6452,452
2021-04-13 00:00:00,1186,1752,27.4,2692,28952,6650,457
2021-04-14 00:00:00,1183,1740,25.35,2692,29449,6752,464
2021-04-15 00:00:00,1201,1759,25.8,2741,29700,6750,466
2021-04-16 00:00:00,1202,1779,26.15,2774,30199,6749,464
2021-04-19 00:00:00,1216,1777,26.8,2827,30201,6749,466
2021-04-20 00:00:00,1209,1779,23.95,2786,30199,6752,463
2021-04-21 00:00:00,1213,1800,28.4,2890,30202,6751,465
2021-04-22 00:00:00,1207,1790,26.25,2857,29701,6752,464
2021-04-23 00:00:00,1238,1776,26.85,2857,29902,6752,463
2021-04-26 00:00:00,1241,1783,25.15,2920,29898,6752,462
2021-04-27 00:00:00,1255,1789,23.4,2932,30052,6752,479
2021-04-28 00:00:00,1222,1777,23.0,2932,30350,6749,487
2021-04-29 00:00:00,1198,1762,24.85,2953,30802,6750,484
2021-04-30 00:00:00,1219,1771,27.05,2992,30801,6752,486
2021-05-03 00:00:00,1242,1792,26.85,2993,30951,6752,486
2021-05-04 00:00:00,1270,1801,24.05,2997,30949,6752,484
2021-05-05 00:00:00,1227,1784,23.5,2984,30552,6747,499
2021-05-06 00:00:00,1250,1813,24.25,2956,30250,6752,505
2021-05-07 00:00:00,1267,1842,27.5,2917,29748,6748,502
2021-05-10 00:00:00,1280,1842,27.6,2986,28748,6752,507
2021-05-11 00:00:00,1229,1833,26.3,2928,28750,6749,543
2021-05-12 00:00:00,1244,1835,28.35,2946,29748,6749,596
2021-05-14 00:00:00,1230,1837,24.2,2902,29249,6751,743
2021-05-17 00:00:00,1240,1853,25.6,2906,28949,6750,793
2021-05-18 00:00:00,1219,1871,25.2,2903,28750,6751,846
2021-05-19 00:00:00,1207,1892,29.15,2871,28749,6750,844
2021-05-20 00:00:00,1210,1874,24.6,2876,28747,6749,895
2021-05-21 00:00:00,1204,1880,27.65,2815,27747,6750,942
2021-05-25 00:00:00,1196,1888,28.7,2762,23949,6650,943
2021-05-26 00:00:00,1202,1909,26.95,2760,22950,6651,893
2021-05-27 00:00:00,1181,1902,27.65,2812,24447,6551,895
2021-05-28 00:00:00,1190,1896,28.6,2820,26950,6551,892
2021-05-31 00:00:00,1197,1908,25.0,2847,26450,6547,896
2021-06-01 00:00:00,1202,1903,30.2,2852,25750,6550,893
2021-06-02 00:00:00,1198,1910,25.95,2861,25548,6552,892
2021-06-04 00:00:00,1168,1896,29.8,2837,23450,6549,843
2021-06-07 00:00:00,1179,1895,24.75,2842,23447,6550,846
2021-06-08 00:00:00,1164,1888,27.55,2799,22949,6550,819
2021-06-09 00:00:00,1170,1895,25.6,2806,21947,6551,819
2021-06-10 00:00:00,1151,1898,27.92,2772,22949,6549,821
2021-06-11 00:00:00,1162,1889,30.1,2807,23450,6249,817
2021-06-14 00:00:00,1177,1867,26.78,2768,25448,6252,822
2021-06-15 00:00:00,1165,1869,29.8,2762,25447,6250,795
2021-06-16 00:00:00,1159,1863,29.81,2809,25448,6249,793
2021-06-17 00:00:00,1102,1790,28.4,2628,23197,6248,792
2021-06-18 00:00:00,1075,1780,27.3,2561,21702,6251,797
2021-06-21 00:00:00,1037,1777,26.8,2558,20701,6247,796
2021-06-22 00:00:00,1067,1786,27.9,2575,20700,6252,793
2021-06-23 00:00:00,1085,1789,27.0,2628,20198,6248,797
2021-06-24 00:00:00,1102,1783,26.0,2639,19947,6148,794
2021-06-25 00:00:00,1112,1783,28.3,2650,19952,6151,796
2021-06-28 00:00:00,1115,1784,23.2,2679,20702,6149,792
2021-06-29 00:00:00,1082,1763,22.8,2674,21699,6151,796
2021-06-30 00:00:00,1070,1770,23.95,2726,21699,6147,796
2021-07-01 00:00:00,1098,1778,26.3,2789,20949,6150,793
2021-07-02 00:00:00,1090,1789,23.35,2782,19948,6149,792
2021-07-05 00:00:00,1113,1789,26.5,2822,19950,6152,794
2021-07-06 00:00:00,1108,1815,27.45,2844,19952,6151,795
2021-07-07 00:00:00,1097,1806,26.35,2847,19350,6148,797
2021-07-08 00:00:00,1079,1809,24.05,2826,18950,6149,795
2021-07-09 00:00:00,1097,1812,26.05,2808,18449,6147,793
2021-07-12 00:00:00,1121,1807,23.05,2852,19948,6150,797
2021-07-13 00:00:00,1118,1810,23.05,2852,21051,6149,795
2021-07-14 00:00:00,1138,1832,28.35,2832,21052,6147,793
2021-07-15 00:00:00,1140,1829,23.25,2786,21050,6149,796
2021-07-16 00:00:00,1125,1824,28.15,2659,20752,6151,796
2021-07-19 00:00:00,1093,1813,24.3,2605,20247,5951,793
2021-07-20 00:00:00,1082,1817,26.15,2622,20252,5948,794
2021-07-21 00:00:00,1079,1812,24.15,2657,20247,5948,795
2021-07-22 00:00:00,1084,1807,22.15,2688,20052,5948,793
2021-07-23 00:00:00,1058,1800,27.1,2700,20050,5947,792
2021-07-26 00:00:00,1078,1812,23.35,2702,20048,5952,796
2021-07-27 00:00:00,1062,1807,26.85,2629,19852,5847,792
2021-07-28 00:00:00,1057,1802,23.75,2612,19850,5848,792
2021-07-29 00:00:00,1078,1826,24.55,2676,19851,5849,795
2021-07-30 00:00:00,1049,1828,26.45,2664,19847,5847,792
